page_section,field_id,spec_label,what_it_does,kind,values,baseline_value,supported,owner_name,owner_value_names,community_name,community_source,match
Top,B82,Encode level data,Encodes most dungeon and overworld data so ROM editors and map viewers (like the Z1R Visualizer) can't read it. Gameplay is exactly the same. This isn't cheat-proof: a determined person can still decode the data.,on/off,,On,Off or On (both supported),,,,,none
Option fields,C01,Overworld quest,"Chooses which overworld the player explores: the first quest's, the second quest's, a mix of the two, or one picked for each seed.",option,First quest | Second quest | Mixed (first-quest variant) | Mixed (second-quest variant) | Random,First quest,First quest only,Overworld Quest,,Overworld Quest,https://z1r.wiki/wiki/Flags,high
Option fields,C02,Dungeon layout source,"Chooses where the dungeon layouts come from: the first quest, the second quest, a mix, newly generated shapes, a mix with shapes, or one picked for each seed.",option,First quest | Second quest | Mixed | Generated shapes | Mixed with shapes | Random without shapes | Random,Generated shapes,Generated shapes only,Dungeon Quest,1st Quest | 2nd Quest | Mixed Quest | Shapes | Mixed + Shapes | Random No Shapes | Random,Dungeon Quest,https://z1r.wiki/wiki/Flags,high
Option fields,C03,Hint style,"Chooses what the people in caves and dungeons say: the original lines, helpful hints, community lines, misleading hints, a mix, nothing at all, or one picked for each seed.",option,Normal | Helpful | Community | Deceptive | Mixed | Blank | Random,Mixed,Community or Mixed (both supported),Hint Type,Normal | Helpful | Community | Deception | Mixed | Blank | Random,Hint Type,https://z1r.wiki/wiki/Flags,high
Option fields,C04,Start screen,"Chooses the screen the player starts on: the usual one, a shuffled one (easy or full shuffle), or the wooden-sword cave's screen.",option,Normal | Easy shuffle | Full shuffle | Wooden-sword screen,Easy shuffle,Normal or Easy shuffle (both supported),Start Screen,Normal | Easy start shuffle | Full Start Shuffle | Wood Sword Screen,Start Screen,https://z1r.wiki/wiki/Overworld_(Flags),high
Option fields,C05,Cave shuffle,"Chooses which entrances lead somewhere new: none, only the dungeon doors, only the other caves, all of them, or one picked for each seed.",option,Vanilla | Dungeon doors only | Non-dungeon caves only | All caves | Random,All caves,All caves only,Cave Shuffle,Vanilla | Dungeons Only | Non-Dungeons Only | All Cave | Random,Cave Shuffle,https://z1r.wiki/wiki/Overworld_(Flags),high
Option fields,C06,Item shuffle scope,"Chooses how widely items are shuffled: not at all, among dungeon items only, within each dungeon, or across dungeons, caves and the overworld together.",option,"None | Dungeon items only | Within each dungeon | Full (dungeons, caves and overworld together) | Random","Full (dungeons, caves and overworld together)","Full (dungeons, caves and overworld together) only",Item Shuffle,,Item Shuffle Drop Down,https://z1r.wiki/wiki/Dungeon_Items_(Flags),medium
Option fields,C07,Wooden-sword state,"Chooses how the wooden sword works: as usual, as the only sword, never given, no swords at all, or one picked for each seed.",option,Normal | Wooden sword only | No wooden sword | Swordless | Random,Normal,Normal only,Swords,Normal | Wood Sword Only | No Wood Sword | Swordless | Random,Swords,https://z1r.wiki/wiki/Advanced_(Flags),high
Option fields,C08,Triforce pieces needed for level 9,"Chooses what opens level 9: 1 to 8 Triforce pieces, nothing (it is open), a random count in a range, specific pieces, an item instead of pieces, or one picked for each seed.",option,8 pieces | 7 pieces | 6 pieces | 5 pieces | 4 pieces | 3 pieces | 2 pieces | 1 piece | Level 9 is open | Random count inside the range | Specific pieces | An item instead of pieces | Random,8 pieces,8 pieces only,Level 9 Entry,,Level 9 Entry Drop Down,https://z1r.wiki/wiki/Dungeons_(Flags),high
Option fields,C09,Enemy hit-point change,"Chooses how enemies' hit points change: not at all, by up to 2 or up to 4 for each kind of enemy, all to zero, or one picked for each seed.",option,Normal | Each moves by up to 2 | Each moves by up to 4 | All zero | Random,Each moves by up to 2,Normal or Each moves by up to 2 (both supported),"""Most"" Enemy HP",Normal | +/- 2 HP | +/- 4 HP | 0 HP | Random,"""Most"" Enemy HP Dropdown",https://z1r.wiki/wiki/Monsters_(Flags),high
Option fields,C10,Boss hit-point change,"Chooses how bosses' hit points change: not at all, by up to 2 or up to 4 for each boss, all to zero, or one picked for each seed.",option,Normal | Each moves by up to 2 | Each moves by up to 4 | All zero | Random,Each moves by up to 2,Normal or Each moves by up to 2 (both supported),Boss HP,Normal | +/- 2 HP | +/- 4 HP | 0 HP | Random,Boss HP Dropdown,https://z1r.wiki/wiki/Monsters_(Flags),high
Option fields,C11,Item pinned to the secret Armos spot,"Chooses an item that is always found at the secret Armos spot, or none.",option,None pinned | Book of Magic | Wooden Boomerang | Bow | Heart Container | Ladder | Magical Boomerang | Magical Key | Power Bracelet | Raft | Recorder | Red Candle | Red Ring | Silver Arrow | Wand | White Sword | Any item except a Heart Container,None pinned,None pinned only,Armos Item,,Armos Item Dropdown,https://z1r.wiki/wiki/Dungeon_Items_(Flags),high
Option fields,C12,Item pinned to the coast cave,"Chooses an item that is always found in the coast cave, or none; the Ladder is not allowed there.",option,None pinned | Book of Magic | Wooden Boomerang | Bow | Heart Container | Ladder | Magical Boomerang | Magical Key | Power Bracelet | Raft | Recorder | Red Candle | Red Ring | Silver Arrow | Wand | White Sword | Any item except a Heart Container,None pinned,None pinned only,Coast Item,,Coast Item Dropdown,https://z1r.wiki/wiki/Dungeon_Items_(Flags),high
Option fields,C13,Item pinned to the white-sword cave,"Chooses an item that is always found in the white-sword cave, or none.",option,None pinned | Book of Magic | Wooden Boomerang | Bow | Heart Container | Ladder | Magical Boomerang | Magical Key | Power Bracelet | Raft | Recorder | Red Candle | Red Ring | Silver Arrow | Wand | White Sword | Any item except a Heart Container,None pinned,None pinned only,White Sword Item,,White Sword Item Dropdown,https://z1r.wiki/wiki/Dungeon_Items_(Flags),high
Option fields,C14,Dungeon room shuffle,"Chooses how dungeon rooms are shuffled: not at all, within each dungeon, between dungeons, or one picked for each seed.",option,Vanilla | Within each dungeon | Full (rooms trade between dungeons) | Random,Full (rooms trade between dungeons),Within each dungeon or Full (rooms trade between dungeons) (both supported),Dungeon Room Shuffle,Vanilla | In-dungeon Shuffle | Full Shuffle | Random,Dungeon Room Shuffle Dropdown,https://z1r.wiki/wiki/Dungeons_(Flags),high
Option fields,C15,Item and sprite appearance,"Chooses how items and characters look: as usual, a fun percentage, shuffled sprites, or one picked for each seed.",option,Normal | Fun percentage | Sprite shuffle | Random,Normal,Normal only,Item Sprites,Normal | Fun% | Sprite Shuffle | Random,Item Sprites,https://z1r.wiki/wiki/Misc_(Flags),high
Option fields,C16,Starting hearts,"Chooses how many hearts the player starts with: 1 to 16, or a random number from 1 to 5.",option,"1 heart | 2 hearts | 3 hearts | 4 hearts | 5 hearts | 6 hearts | 7 hearts | 8 hearts | 9 hearts | 10 hearts | 11 hearts | 12 hearts | 13 hearts | 14 hearts | 15 hearts | 16 hearts | Random, 1 to 5",3 hearts,3 hearts or 4 hearts (both supported),Starting Hearts,,Starting Hearts,https://z1r.wiki/wiki/Start_Items_(Flags),high
Option fields,C17,Limit on starting items,"Limits how many of the chosen starting items the player really gets: all of them, at most 0 to 20, or a random limit from 0 to 20.",option,"All chosen start items | At most 0 | At most 1 | At most 2 | At most 3 | At most 4 | At most 5 | At most 6 | At most 7 | At most 8 | At most 9 | At most 10 | At most 11 | At most 12 | At most 13 | At most 14 | At most 15 | At most 16 | At most 17 | At most 18 | At most 19 | At most 20 | Random limit, 0 to 20",At most 0,"All chosen start items or At most 0 or At most 1 or At most 2 or At most 3 or At most 4 or At most 5 or At most 6 or At most 7 or At most 8 or At most 9 or At most 10 or At most 11 or At most 12 or At most 13 or At most 14 or At most 15 or At most 16 or At most 17 or At most 18 or At most 19 or At most 20 or Random limit, 0 to 20 (all supported)",Max Start Items,,Max Start Items,https://z1r.wiki/wiki/Start_Items_(Flags),high
Option fields,C18,Starting triforce pieces,"Chooses how many Triforce pieces the player starts with: 0 to 8, or a random number.",option,"0 pieces | 1 piece | 2 pieces | 3 pieces | 4 pieces | 5 pieces | 6 pieces | 7 pieces | 8 pieces | Random, 0 to 8",0 pieces,0 pieces only,Triforce Pieces,,Triforce Pieces,https://z1r.wiki/wiki/Start_Items_(Flags),high
Option fields,C19,Red bubble behaviour,"Chooses what a red bubble does to the player: takes the sword away as in the original game, reverses the controls, slows the player down, or one picked for each seed.",option,Vanilla (takes the sword away) | Inverted controls | Slow speed | Random,Vanilla (takes the sword away),Vanilla (takes the sword away) only,Red Bubble Curse,Swordless | Inverted Control | Slow Speed | Random,Red Bubble Curse,https://z1r.wiki/wiki/Monsters_(Flags),high
Option fields,C20,"White-sword hearts, lowest",Sets the fewest hearts the white-sword cave can ask for (4 to 6).,option,4 hearts | 5 hearts | 6 hearts,4 hearts,4 hearts or 5 hearts (both supported),White Sword Hearts (min),,White Sword Hearts Dropdown,https://z1r.wiki/wiki/Shops_(Flags),medium
Option fields,C21,"White-sword hearts, highest",Sets the most hearts the white-sword cave can ask for (4 to 6).,option,6 hearts | 5 hearts | 4 hearts,6 hearts,6 hearts only,White Sword Hearts (max),,White Sword Hearts Dropdown,https://z1r.wiki/wiki/Shops_(Flags),medium
Option fields,C22,"Magical-sword hearts, lowest",Sets the fewest hearts the magical-sword cave can ask for (10 to 14).,option,10 hearts | 11 hearts | 12 hearts | 13 hearts | 14 hearts,10 hearts,10 hearts only,Magical Sword Hearts (min),,Magical Sword Hearts Dropdown,https://z1r.wiki/wiki/Shops_(Flags),medium
Option fields,C23,"Magical-sword hearts, highest",Sets the most hearts the magical-sword cave can ask for (10 to 14).,option,14 hearts | 13 hearts | 12 hearts | 11 hearts | 10 hearts,14 hearts,14 hearts only,Magical Sword Hearts (max),,Magical Sword Hearts Dropdown,https://z1r.wiki/wiki/Shops_(Flags),medium
Option fields,C24,"Piece-count range, low end",Sets the fewest Triforce pieces level 9 can ask for when it asks for a random count or for specific pieces.,option,0 | 1 | 2 | 3 | 4 | 5 | 6 | 7 | 8,0,0 only,Triforce Range (min),,Triforce Range,https://z1r.wiki/wiki/Dungeons_(Flags),medium
Option fields,C25,"Piece-count range, high end",Sets the most Triforce pieces level 9 can ask for when it asks for a random count or for specific pieces.,option,8 | 7 | 6 | 5 | 4 | 3 | 2 | 1 | 0,8,8 only,Triforce Range (max),,Triforce Range,https://z1r.wiki/wiki/Dungeons_(Flags),medium
Option fields,C26,First item pinned inside level 9,"Chooses an item that is always found inside level 9 (the first of two), or none.",option,None pinned | Book of Magic | Wooden Boomerang | Bow | Heart Container | Ladder | Magical Boomerang | Magical Key | Power Bracelet | Raft | Recorder | Red Candle | Red Ring | Silver Arrow | Wand | White Sword | Any item except a Heart Container,None pinned,None pinned only,Level 9 Item 1,,Items in 9 Dropdown,https://z1r.wiki/wiki/Dungeon_Items_(Flags),medium
Option fields,C27,Second item pinned inside level 9,"Chooses an item that is always found inside level 9 (the second of two), or none.",option,None pinned | Book of Magic | Wooden Boomerang | Bow | Heart Container | Ladder | Magical Boomerang | Magical Key | Power Bracelet | Raft | Recorder | Red Candle | Red Ring | Silver Arrow | Wand | White Sword | Any item except a Heart Container,None pinned,None pinned only,Level 9 Item 2,,Items in 9 Dropdown,https://z1r.wiki/wiki/Dungeon_Items_(Flags),medium
Three-state fields,B01,Recorder warps to the new dungeon entrances,"With it on, the recorder takes the player to the dungeons' new entrances; with it off, it works as usual.",on/off/random,,On,Off or On or Possible (decided per seed) (all supported),Recorder To New Dungeons,,Recorder To New Dungeons,https://z1r.wiki/wiki/Overworld_(Flags),high
Three-state fields,B02,The wooden-sword cave may move to any hidden cave position,"With it on, the wooden-sword cave can be at any hidden cave spot; with it off, it is not moved to one.",on/off/random,,On,On only,Shuffle Wood Sword Cave,,Shuffle Wood Sword Cave,https://z1r.wiki/wiki/Overworld_(Flags),high
Three-state fields,B03,Allow the wooden-sword cave behind blocks,"With it on, the wooden-sword cave can be hidden behind blocks; with it off, it never is.",on/off/random,,Off,Off only,Allow OW Blocks of Wood Sword,,Allow OW Blocks of Wood Sword,https://z1r.wiki/wiki/Overworld_(Flags),high
Three-state fields,B04,Shuffle the take-any-road caves,"With it on, the take-any-road caves trade places; with it off, they stay where they are.",on/off/random,,On,Off or On or Possible (decided per seed) (all supported),"Shuffle ""Take Any Road"" Caves",,"Shuffle ""Take Any Road"" Caves",https://z1r.wiki/wiki/Overworld_(Flags),high
Three-state fields,B05,Move the secret-entrance tiles,"With it on, the tiles that hide secret entrances move; with it off, they stay where they are.",on/off/random,,Off,Off only,Change Secret Spots,,Change Secret Spots,https://z1r.wiki/wiki/Advanced_(Flags),high
Three-state fields,B06,Mirror the overworld,"With it on, the overworld is mirrored; with it off, it is laid out as usual.",on/off/random,,Off,Off only,Mirror Overworld,,Mirror Overworld,https://z1r.wiki/wiki/Overworld_(Flags),high
Three-state fields,B07,Recorder warps to unbeaten dungeons,"With it on, the recorder takes the player to dungeons not yet beaten; with it off, it works as usual.",on/off/random,,Off,Off only,Recorder to Unbeaten Dungeons,,Recorder to Unbeaten Dungeons,https://z1r.wiki/wiki/Overworld_(Flags),high
Three-state fields,B08,Shuffle shop wares,"With it on, shop wares move between shops and their prices vary; with it off, each shop sells its usual wares.",on/off/random,,On,Off or On or Possible (decided per seed) (all supported),Shuffle Shop Items,,Shuffle Shop Items,https://z1r.wiki/wiki/Shops_(Flags),high
Three-state fields,B09,Add extra candle wares,"With it on, shops can also sell extra candles; with it off, they don't.",on/off/random,,On,Off or On or Possible (decided per seed) (all supported),Extra Candles,,Extra Candles,https://z1r.wiki/wiki/Shops_(Flags),high
Three-state fields,B10,Re-draw the sword heart requirements,"With it on, the number of hearts the white-sword and magical-sword caves ask for changes with each seed; with it off, they ask for the usual number.",on/off/random,,On,Off or On or Possible (decided per seed) (all supported),Change Sword Hearts,,Change Sword Hearts,https://z1r.wiki/wiki/Shops_(Flags),high
Three-state fields,B11,Re-draw the money-making game amounts,"With it on, the money-making game's amounts change with each seed; with it off, they are the usual ones.",on/off/random,,On,Off or On or Possible (decided per seed) (all supported),Change MMG,,Change MMG,https://z1r.wiki/wiki/Shops_(Flags),high
Three-state fields,B12,Re-draw the bomb-upgrade person,"With it on, the bomb-upgrade person's price and number of extra bombs change with each seed; with it off, they are the usual ones.",on/off/random,,On,Off or On or Possible (decided per seed) (all supported),Change Bomb Upgrades,,Change Bomb Upgrades,https://z1r.wiki/wiki/Shops_(Flags),high
Three-state fields,B13,Shuffle the secret Armos item,"With it on, the item under the secret Armos is shuffled with the others; with it off, it is the usual item.",on/off/random,,On,Off or On or Possible (decided per seed) (all supported),Shuffle Armos,,Shuffle Armos,https://z1r.wiki/wiki/Shops_(Flags),high
Three-state fields,B14,(No effect; FL-DEP-05),Changes nothing in the game: it is shown and kept in the flag string only.,on/off/random,,On,Off or On or Possible (decided per seed) (all supported),,,,,none
Three-state fields,B15,Shuffle dungeon room items within each level,"With it on, the items in dungeon rooms are shuffled within each level; with it off, they stay in their rooms.",on/off/random,,On,Off or On or Possible (decided per seed) (all supported),Shuffle Dungeon Drops,,Shuffle Dungeon Drops,https://z1r.wiki/wiki/Dungeon_Items_(Flags),medium
Three-state fields,B16,(No effect; FL-DEP-05),Changes nothing in the game: it is shown and kept in the flag string only (heart containers are shuffled by the item shuffle setting instead).,on/off/random,,On,Off or On or Possible (decided per seed) (all supported),,,,,none
Three-state fields,B17,"Let bombs, rupees and keys join the item pool","With it on, bombs, rupees and keys are shuffled along with the other items; with it off, they are not.",on/off/random,,Off,Off only,Shuffle Minor Dungeon Drops,,Shuffle Minor Dungeon Drops,https://z1r.wiki/wiki/Dungeon_Items_(Flags),high
Three-state fields,B18,Ganon must be beaten to finish,"With it on, the player has to beat Ganon to finish; with it off, the game ends as usual.",on/off/random,,On,On only,Force Gannon Fight,,Force Gannon Fight,https://z1r.wiki/wiki/Dungeons_(Flags),high
Three-state fields,B19,Shuffle the dungeon hint texts,"With it on, the hints given by people in dungeons are swapped around between them; with it off, each person keeps their hint.",on/off/random,,On,Off or On or Possible (decided per seed) (all supported),Shuffle Dungeon Text,,Shuffle Dungeon Text,https://z1r.wiki/wiki/Dungeons_(Flags),high
Three-state fields,B20,Add second-quest rooms to the shape tables,"With it on, generated dungeons can also use second-quest rooms; with it off, they use only first-quest rooms.",on/off/random,,On,On only,Add 2nd Quest Rooms,,Add 2nd Quest Rooms,https://z1r.wiki/wiki/Dungeons_(Flags),high
Three-state fields,B21,Add second-quest door weights,"With it on, generated dungeons also use the second quest's mix of doors; with it off, they don't.",on/off/random,,Off,Off only,Add 2nd Quest Doors,,Add 2nd Quest Doors,https://z1r.wiki/wiki/Dungeons_(Flags),high
Three-state fields,B22,Turn person rooms into life-or-money merchants,"With it on, some people in dungeon rooms become merchants who ask for life or money; with it off, they are as usual.",on/off/random,,On,Off or On or Possible (decided per seed) (all supported),Add Money or Life Rooms,,Add Money or Life Rooms,https://z1r.wiki/wiki/Dungeons_(Flags),high
Three-state fields,B23,Re-draw the merchants' toll,"With it on, what those merchants ask for changes with each seed; with it off, it is the usual amount.",on/off/random,,On,On only,"Change ""Leave your..."" Rooms",,"Change ""Leave your..."" Rooms",https://z1r.wiki/wiki/Dungeons_(Flags),high
Three-state fields,B24,Hide the dungeon numbers,"With it on, the dungeon numbers are hidden; with it off, they are shown.",on/off/random,,Off,Off only,Hide Dungeon Numbers,,Hide Dungeon Numbers,https://z1r.wiki/wiki/Dungeons_(Flags),high
Three-state fields,B25,Allow important items inside level 9,"With it on, important items can be inside level 9; with it off, they can't.",on/off/random,,Off,Off only,Allow Important Items in 9,,Allow Important Items in 9,https://z1r.wiki/wiki/Dungeon_Items_(Flags),high
Three-state fields,B26,Allow the dungeon start room to move,"With it on, a dungeon can start in a different room; with it off, each dungeon starts in its usual room.",on/off/random,,Off,Off only,Shuffle Dungeon Start Room,,Shuffle Dungeon Start Room,https://z1r.wiki/wiki/Dungeons_(Flags),high
Three-state fields,B27,Shuffle dungeon colours,"With it on, the dungeons get different colours; with it off, they keep their usual colours.",on/off/random,,On,Off or On or Possible (decided per seed) (all supported),Shuffle Dungeon Palettes,,Shuffle Dungeon Palettes,https://z1r.wiki/wiki/Dungeons_(Flags),high
Three-state fields,B28,Shuffle the hungry goriya,"With it on, the hungry goriya that wants food can be in a different dungeon room; with it off, it stays in its usual room.",on/off/random,,On,Off or On or Possible (decided per seed) (all supported),Shuffle Hungry Goriya,,Shuffle Hungry Goriya,https://z1r.wiki/wiki/Dungeons_(Flags),high
Three-state fields,B29,Shuffle the bomb-upgrade persons,"With it on, the people who sell bomb upgrades in dungeons are moved around; with it off, they stay where they are.",on/off/random,,On,On only,Shuffle Bomb Upgrade Men,,Shuffle Bomb Upgrade Men,https://z1r.wiki/wiki/Dungeons_(Flags),high
Three-state fields,B30,Remove most open stairs,"With it on, most open staircases are removed; with it off, they stay.",on/off/random,,Off,Off only,Remove Most Open Stairs,,Remove Most Open Stairs,https://z1r.wiki/wiki/Advanced_(Flags),high
Three-state fields,B31,Shuffle the overworld monsters,"With it on, the monsters on the overworld screens are shuffled; with it off, each screen has its usual monsters.",on/off/random,,On,Off or On or Possible (decided per seed) (all supported),Shuffle Overworld Monsters,,Shuffle Overworld Monsters,https://z1r.wiki/wiki/Monsters_(Flags),high
Three-state fields,B32,Shuffle dungeon monsters within each level,"With it on, each dungeon's monsters are shuffled between its rooms; with it off, they stay in their rooms.",on/off/random,,On,On only,Shuffle Dungeon Monsters,,Shuffle Dungeon Monsters,https://z1r.wiki/wiki/Monsters_(Flags),high
Three-state fields,B33,Let Ganon and Zelda take part in the shuffles,"With it on, Ganon and Zelda are moved by those shuffles too; with it off, they stay where they are.",on/off/random,,On,On only,Shuffle Gannon and Zelda,,Shuffle Gannon and Zelda,https://z1r.wiki/wiki/Monsters_(Flags),high
Three-state fields,B34,Shuffle the bosses,"With it on, the bosses are shuffled; with it off, each boss is in its usual place.",on/off/random,,On,Off or On or Possible (decided per seed) (all supported),Shuffle Bosses,,Shuffle Bosses,https://z1r.wiki/wiki/Monsters_(Flags),high
Three-state fields,B35,Include level 9 in the monster moves,"With it on, level 9's monsters also move between levels; with it off, they stay in level 9.",on/off/random,,On,On only,Shuffle Level 9 Monsters,,Shuffle Level 9 Monsters,https://z1r.wiki/wiki/Monsters_(Flags),high
Three-state fields,B36,Move monsters between levels,"With it on, monsters can move from one dungeon to another; with it off, each dungeon keeps its own monsters.",on/off/random,,On,Off or On or Possible (decided per seed) (all supported),Shuffle Monsters Between Levels,,Shuffle Monsters Between Levels,https://z1r.wiki/wiki/Monsters_(Flags),high
Three-state fields,B37,Add second-quest monsters,"With it on, second-quest monsters can appear in generated dungeons; with it off, they don't.",on/off/random,,Off,Off only,Add 2nd Quest Monsters,,Add 2nd Quest Monsters,https://z1r.wiki/wiki/Monsters_(Flags),high
Three-state fields,B38,Shuffle the enemy drop groups,"With it on, the groups that decide what enemies drop are shuffled; with it off, they are as usual.",on/off/random,,Off,Off only,Shuffle Enemy Drop Groups,,Shuffle Enemy Drop Groups,https://z1r.wiki/wiki/Monsters_(Flags),high
Three-state fields,B39,Make important items enemy drops,"With it on, enemies can drop important items; with it off, they don't.",on/off/random,,Off,Off only,Make Important Items Drops,,Make Important Items Drops,https://z1r.wiki/wiki/Monsters_(Flags),high
Three-state fields,B40,Randomize the boss groups,"With it on, the groups of bosses are mixed up; with it off, they are as usual.",on/off/random,,On,Off or On or Possible (decided per seed) (all supported),Randomize Boss Groups,,Randomize Boss Groups,https://z1r.wiki/wiki/Monsters_(Flags),high
Three-state fields,B41,Set Ganon's hit points to zero,"With it on, Ganon has no hit points; with it off, Ganon's hit points are as usual.",on/off/random,,Off,Off only,Set Gannon HP to 0,,Set Gannon HP to 0,https://z1r.wiki/wiki/Monsters_(Flags),high
Three-state fields,B42,Shuffle the enemy groups,"With it on, the groups of enemies are shuffled; with it off, they are as usual.",on/off/random,,On,Off or On or Possible (decided per seed) (all supported),Shuffle Enemy Groups,,Shuffle Enemy Groups,https://z1r.wiki/wiki/Monsters_(Flags),high
Three-state fields,B43,Redraw overworld screens from the overworld group,"With it on, the overworld screens' monsters are redrawn from the overworld group; with it off, they are as usual.",on/off/random,,On,On only,Shuffle Overworld Group,,Shuffle Overworld Group,https://z1r.wiki/wiki/Monsters_(Flags),medium
Three-state fields,B44,Randomize the item drop rate,"With it on, how often items drop is random; with it off, it is the usual rate.",on/off/random,,Off,Off only,Randomize Item Drop Rate,,Randomize Item Drop Rate,https://z1r.wiki/wiki/Monsters_(Flags),high
Three-state fields,B45,Maximum enemy health,"With it on, every enemy has the most health possible; with it off, enemy health is as usual.",on/off/random,,Off,Off only,Maximum Enemy Health,,Maximum Enemy Health,https://z1r.wiki/wiki/Advanced_(Flags),high
Three-state fields,B46,Maximum boss health,"With it on, every boss has the most health possible; with it off, boss health is as usual.",on/off/random,,Off,Off only,Maximum Boss Health,,Maximum Boss Health,https://z1r.wiki/wiki/Advanced_(Flags),high
Three-state fields,B47,Replace the Book's fire with an explosion,"With it on, the Book of Magic turns the wand's fire into an explosion; with it off, it makes fire as usual.",on/off/random,,Off,Off only,Replace Book Fire with Explosion,,Replace Book Fire with Explosion,https://z1r.wiki/wiki/Misc_(Flags),high
Three-state fields,B48,The Book lets the player understand old men,"With it on, carrying the Book of Magic lets the player understand old men; with it off, it doesn't.",on/off/random,,Off,Off only,Book To Understand Old Men,,Book To Understand Old Men,https://z1r.wiki/wiki/Misc_(Flags),high
Three-state fields,B49,The Book counts as the map of every level,"With it on, holding the Book of Magic counts as having every dungeon's map; with it off, each map has to be found.",on/off/random,,On,Off or On or Possible (decided per seed) (all supported),Book is an Atlas,,Book is an Atlas,https://z1r.wiki/wiki/Misc_(Flags),high
Three-state fields,B50,Blackout,"With it on, the game plays in blackout mode; with it off, it doesn't.",on/off/random,,Off,Off only,Blackout,,Blackout,https://z1r.wiki/wiki/Advanced_(Flags),high
Three-state fields,B51,Print quest information,"With it on, the game prints quest information; with it off, it doesn't.",on/off/random,,Off,Off only,Print Quest Info,,Print Quest Info,https://z1r.wiki/wiki/Misc_(Flags),high
Three-state fields,B52,Permanent sword beam,"With it on, the sword always shoots a beam; with it off, the beam works as usual.",on/off/random,,Off,Off only,Permanent Sword Beam,,Permanent Sword Beam,https://z1r.wiki/wiki/Misc_(Flags),high
Three-state fields,B53,One-hit knock-out,"With it on, any hit knocks the player out; with it off, damage is as usual.",on/off/random,,Off,Off only,OHKO,,OHKO,https://z1r.wiki/wiki/Advanced_(Flags),high
Three-state fields,B54,Speed up person text,"With it on, people's text appears faster; with it off, it appears at the usual speed.",on/off/random,,On,Off or On or Possible (decided per seed) (all supported),Speed Up Text,,Speed Up Text,https://z1r.wiki/wiki/Misc_(Flags),high
Three-state fields,B55,Hide health,"With it on, the player's health is hidden; with it off, it is shown.",on/off/random,,Off,Off only,Hidden Health,,Hidden Health,https://z1r.wiki/wiki/Advanced_(Flags),high
Three-state fields,B56,Killable drop items,"With it on, items that enemies drop can be destroyed; with it off, they can't.",on/off/random,,Off,Off only,Killable Drop Items,,Killable Drop Items,https://z1r.wiki/wiki/Advanced_(Flags),high
Three-state fields,B57,Start with the Raft,"With it on, the player starts with the Raft (within the limit on starting items); with it off, it has to be found.",on/off/random,,Off,Off only,Start with Raft,,Raft,https://z1r.wiki/wiki/Start_Items_(Flags),medium
Three-state fields,B58,Start with the Bow,"With it on, the player starts with the Bow (within the limit on starting items); with it off, it has to be found.",on/off/random,,Off,Off only,Start with Bow,,Bow,https://z1r.wiki/wiki/Start_Items_(Flags),medium
Three-state fields,B59,Start with 8 bombs,"With it on, the player starts with 8 bombs; with it off, bombs have to be found.",on/off/random,,Off,Off only,Start with 8 Bombs,,8 Bombs,https://z1r.wiki/wiki/Start_Items_(Flags),medium
Three-state fields,B60,Start with the Recorder,"With it on, the player starts with the Recorder (within the limit on starting items); with it off, it has to be found.",on/off/random,,Off,Off only,Start with Recorder,,Recorder,https://z1r.wiki/wiki/Start_Items_(Flags),medium
Three-state fields,B61,Start with the Bait,"With it on, the player starts with the Bait (within the limit on starting items); with it off, it has to be found.",on/off/random,,Off,Off only,Start with Bait,,Bait,https://z1r.wiki/wiki/Start_Items_(Flags),medium
Three-state fields,B62,Start with the Magical Key,"With it on, the player starts with the Magical Key (within the limit on starting items); with it off, it has to be found.",on/off/random,,Off,Off only,Start with Magical Key,,Magical Key,https://z1r.wiki/wiki/Start_Items_(Flags),medium
Three-state fields,B63,Start with the Letter,"With it on, the player starts with the Letter (within the limit on starting items); with it off, it has to be found.",on/off/random,,Off,Off only,Start with Letter,,Letter,https://z1r.wiki/wiki/Start_Items_(Flags),medium
Three-state fields,B64,Start with the Power Bracelet,"With it on, the player starts with the Power Bracelet (within the limit on starting items); with it off, it has to be found.",on/off/random,,Off,Off only,Start with Power Bracelet,,Power Bracelet,https://z1r.wiki/wiki/Start_Items_(Flags),medium
Three-state fields,B65,Start with the Ladder,"With it on, the player starts with the Ladder (within the limit on starting items); with it off, it has to be found.",on/off/random,,Off,Off only,Start with Ladder,,Ladder,https://z1r.wiki/wiki/Start_Items_(Flags),medium
Three-state fields,B66,Start with the Wand,"With it on, the player starts with the Wand (within the limit on starting items); with it off, it has to be found.",on/off/random,,Off,Off only,Start with Wand,,Wand,https://z1r.wiki/wiki/Start_Items_(Flags),medium
Three-state fields,B67,Start with the Book of Magic,"With it on, the player starts with the Book of Magic (within the limit on starting items); with it off, it has to be found.",on/off/random,,Off,Off only,Start with Book,,Book,https://z1r.wiki/wiki/Start_Items_(Flags),medium
Three-state fields,B68,Start with the wooden sword,"With it on, the player starts with the wooden sword (within the limit on starting items); with it off, it has to be found.",on/off/random,,Off,Off only,Start with Wood Sword,,Wood Sword,https://z1r.wiki/wiki/Start_Items_(Flags),medium
Three-state fields,B69,Start with the white sword,"With it on, the player starts with the white sword (within the limit on starting items); with it off, it has to be found.",on/off/random,,Off,Off only,Start with White Sword,,White Sword,https://z1r.wiki/wiki/Start_Items_(Flags),medium
Three-state fields,B70,Start with the magical sword,"With it on, the player starts with the magical sword (within the limit on starting items); with it off, it has to be found.",on/off/random,,Off,Off only,Start with Magical Sword,,Magical Sword,https://z1r.wiki/wiki/Start_Items_(Flags),medium
Three-state fields,B71,Start with the wooden arrow,"With it on, the player starts with the wooden arrow (within the limit on starting items); with it off, it has to be found.",on/off/random,,Off,Off only,Start with Wood Arrow,,Wood Arrow,https://z1r.wiki/wiki/Start_Items_(Flags),medium
Three-state fields,B72,Start with the Silver Arrow,"With it on, the player starts with the Silver Arrow (within the limit on starting items); with it off, it has to be found.",on/off/random,,Off,Off only,Start with Silver Arrow,,Silver Arrow,https://z1r.wiki/wiki/Start_Items_(Flags),medium
Three-state fields,B73,Start with the blue candle,"With it on, the player starts with the blue candle (within the limit on starting items); with it off, it has to be found.",on/off/random,,Off,Off only,Start with Blue Candle,,Blue Candle,https://z1r.wiki/wiki/Start_Items_(Flags),medium
Three-state fields,B74,Start with the red candle,"With it on, the player starts with the red candle (within the limit on starting items); with it off, it has to be found.",on/off/random,,Off,Off only,Start with Red Candle,,Red Candle,https://z1r.wiki/wiki/Start_Items_(Flags),medium
Three-state fields,B75,Start with the blue ring,"With it on, the player starts with the blue ring (within the limit on starting items); with it off, it has to be found.",on/off/random,,Off,Off only,Start with Blue Ring,,Blue Ring,https://z1r.wiki/wiki/Start_Items_(Flags),medium
Three-state fields,B76,Start with the red ring,"With it on, the player starts with the red ring (within the limit on starting items); with it off, it has to be found.",on/off/random,,Off,Off only,Start with Red Ring,,Red Ring,https://z1r.wiki/wiki/Start_Items_(Flags),medium
Three-state fields,B77,Start with the wooden Boomerang,"With it on, the player starts with the wooden Boomerang (within the limit on starting items); with it off, it has to be found.",on/off/random,,Off,Off only,Start with Wood Boomerang,,Wood Boomerang,https://z1r.wiki/wiki/Start_Items_(Flags),medium
Three-state fields,B78,Start with the Magical Boomerang,"With it on, the player starts with the Magical Boomerang (within the limit on starting items); with it off, it has to be found.",on/off/random,,Off,Off only,Start with Magical Boomerang,,Magical Boomerang,https://z1r.wiki/wiki/Start_Items_(Flags),medium
Three-state fields,B79,Add extra bosses,"With it on, extra bosses are added; with it off, there are the usual bosses.",on/off/random,,Off,Off only,Add extra bosses,,Add extra bosses,https://z1r.wiki/wiki/Monsters_(Flags),high
Three-state fields,B80,Rupees affect speed,"With it on, the rupees the player carries change their speed; with it off, they don't.",on/off/random,,Off,Off only,Rupees Affect Speed,,Rupees Affect Speed,https://z1r.wiki/wiki/Advanced_(Flags),high
Three-state fields,B81,Force an overworld block for an item,"With it on, the game forces an overworld block for an item; with it off, it doesn't.",on/off/random,,Off,Off only,Force Overworld Block,,Force Overworld Block,https://z1r.wiki/wiki/Overworld_(Flags),high
Three-state fields,B83,Hide numbers,"With it on, numbers are hidden; with it off, they are shown.",on/off/random,,Off,Off only,Hidden Numbers,,Hidden Numbers,https://z1r.wiki/wiki/Advanced_(Flags),high
Three-state fields,B84,Prevent screen-scroll clipping,"With it on, the game prevents slipping through walls while the screen scrolls; with it off, it doesn't.",on/off/random,,Off,Off only,Prevent Clipping,,Prevent Clipping,https://z1r.wiki/wiki/Advanced_(Flags),high
Three-state fields,B85,Start with the magical shield,"With it on, the player starts with the magical shield (within the limit on starting items); with it off, it has to be found.",on/off/random,,Off,Off only,,,,,none
Three-state fields,B86,Do not sort the shapes by size,"With it on, generated dungeon shapes are not sorted by size; with it off, they are.",on/off/random,,Off,Off only,Do Not Sort Shapes,,Do Not Sort Shapes,https://z1r.wiki/wiki/Dungeons_(Flags),high
Three-state fields,B87,Add bridges over the river,"With it on, bridges are added over the river; with it off, the river is as usual.",on/off/random,,Off,Off only,Add Bridges to the River,,Add Bridges to the River,https://z1r.wiki/wiki/Overworld_(Flags),high
Three-state fields,B88,Add a Lost Woods shortcut,"With it on, there is a shortcut through the Lost Woods; with it off, there isn't.",on/off/random,,Off,Off only,Add Lost Woods Shortcut,,Add Lost Woods Shortcut,https://z1r.wiki/wiki/Overworld_(Flags),high
Three-state fields,B89,Change hidden overworld tiles,"With it on, the hidden tiles on the overworld change; with it off, they are as usual.",on/off/random,,Off,Off only,Change Hidden OW Tiles,,Change Hidden OW Tiles,https://z1r.wiki/wiki/Overworld_(Flags),high
Three-state fields,B90,Increase the bomb capacity upgrade,"With it on, the bomb upgrade adds more bombs; with it off, it adds the usual number.",on/off/random,,Off,Off only,Increase Bomb Capacity Upgrade,,Increase Bomb Capacity Upgrade,https://z1r.wiki/wiki/Shops_(Flags),high
Three-state fields,B91,Allow universal drops in shapes,"With it on, generated dungeons can use universal drops; with it off, they don't.",on/off/random,,Off,Off only,,,,,none
